category,date_time,headline,link
technology, 20 July 2020,"Realme 6i to Launch in India on July 24, Gets Listed on Flipkart",https://gadgets.ndtv.com/mobiles/news/realme-6i-india-launch-date-july-24-friday-flipkart-listing-price-specifications-availability-mediatek-helio-2265673
technology, 20 July 2020,"Redmi Note 9 With Quad Rear Cameras, Hole-Punch Display Launched in India: Price, Specifications",https://gadgets.ndtv.com/mobiles/news/redmi-note-9-price-in-india-rs-11999-launch-specifications-july-24-sale-date-release-xiaomi-2265657
technology, 20 July 2020,Oppo Reno 4 Pro to Launch in India on July 31 on Flipkart,https://gadgets.ndtv.com/mobiles/news/reno-4-pro-launch-date-india-july-31-price-specifications-expected-flipkart-2265652
technology, 20 July 2020,The Falcon and the Winter Soldier Won’t Release in August,https://gadgets.ndtv.com/entertainment/news/the-falcon-and-the-winter-soldier-release-date-delay-coronavirus-disney-plus-2265639
technology, 20 July 2020,Indian Smartphone Shipments Declined 48 Percent in Q2 2020 Compared to Last Year: Canalys,https://gadgets.ndtv.com/mobiles/news/indian-smartphone-shipments-drop-48-percent-q2-2020-canalys-samsung-vivo-oppo-realme-xiaomi-apple-2265632
technology, 20 July 2020,"Redmi Note 9 India Launch Today: How to Watch Live Stream, Expected Price, Specifications",https://gadgets.ndtv.com/mobiles/news/redmi-note-9-launch-today-live-stream-how-to-watch-expected-price-specifications-xiaomi-2265038
technology, 20 July 2020,"Realme Teases New Smartphone Series With Hole-Punch Display, 5G Connectivity",https://gadgets.ndtv.com/mobiles/news/realme-new-smartphone-series-5g-support-hole-punch-display-teaser-2265624
technology, 20 July 2020,"Google, Facebook, Twitter Directed by Delhi High Court to Take Down Posts Around IAS Officer",https://gadgets.ndtv.com/internet/news/google-facebook-twitter-directed-by-delhi-high-court-to-take-down-posts-around-ias-officer-2265593
technology, 20 July 2020,"Ryan Gosling, Chris Evans to Star in $200 Million Netflix Movie From Avengers: Endgame Directors",https://gadgets.ndtv.com/entertainment/news/netflix-gray-man-ryan-gosling-chris-evans-russo-brothers-avengers-endgame-200-million-2265592
technology, 20 July 2020,Samsung Galaxy Z Fold 2 Launch Confirmed for Galaxy Unpacked Event on August 5,https://gadgets.ndtv.com/mobiles/news/samsung-galaxy-z-fold-2-launch-date-august-5-confirmed-unpacked-event-specifications-2265589
technology, 20 July 2020,"Samsung Galaxy M31s With 64-Megapixel Main Camera, 6,000mAh Battery to Launch in India on July 30",https://gadgets.ndtv.com/mobiles/news/samsung-galaxy-m31s-48-megapixel-quad-cameras-6000mah-battery-india-launch-july-30-12-noon-amazon-2265576
technology, 20 July 2020,"OnePlus Nord to Ship With Google’s Duo, Messages, Phone Apps, Reveals Teaser",https://gadgets.ndtv.com/mobiles/news/oneplus-nord-google-duo-messages-phone-app-pre-installed-tough-build-2265584
technology, 20 July 2020,"OnePlus Buds to Come in Black, Blue, and White; First Look at Charging Case: Report",https://gadgets.ndtv.com/audio/news/oneplus-buds-nord-launch-colour-options-blue-black-white-charging-case-first-look-report-2265581
technology, 20 July 2020,Astrophysicists Unveil Biggest-Ever 3D Map of Universe,https://gadgets.ndtv.com/science/news/astrophysicists-unveil-biggest-ever-3d-map-of-universe-2265573
technology, 20 July 2020,UAE Launches 'Hope' Mars Probe From Japan Spaceport,https://gadgets.ndtv.com/science/news/uae-launches-hope-mars-probe-from-japan-spaceport-2265561
technology, 20 July 2020,"TikTok Said to Consider London, Other Locations for Headquarters",https://gadgets.ndtv.com/apps/news/tiktok-said-to-consider-london-other-locations-for-headquarters-2265548
technology, 20 July 2020,"Motorola One Fusion+ to Go on Sale via Flipkart Today at 12 Noon: Price in India, Specifications",https://gadgets.ndtv.com/mobiles/news/motorola-one-fusion-plus-sale-today-price-in-india-rs-17499-specifications-flipkart-2265052
technology, 19 July 2020,"Amazon Apple Days Sale Is Live: Price Discount on iPhone 11, Other Products",https://gadgets.ndtv.com/mobiles/news/apple-days-sale-amazon-india-july-25-end-iphone-11-rs-5400-price-cut-more-2264950
technology, 19 July 2020,"Disney Cuts Ad Spending on Facebook, Instagram Amidst Growing Boycott: Report",https://gadgets.ndtv.com/social-networking/news/disney-facebook-ad-boycott-instagram-spending-cut-report-2265248
technology, 19 July 2020,Twitter Disables Trump Tweet Over Copyright Complaint,https://gadgets.ndtv.com/social-networking/news/twitter-donald-trump-retweet-copyright-complaint-2265244
technology, 18 July 2020,Government Issues Notice to Twitter After Recent Hack,https://gadgets.ndtv.com/social-networking/news/government-issues-notice-to-twitter-after-recent-hack-2265057
technology, 18 July 2020,Samsung Galaxy Note 20 Surfaces in 360-Degree Render Ahead of Launch,https://gadgets.ndtv.com/mobiles/news/samsung-galaxy-note-20-360-degree-render-triple-rear-cameras-hole-punch-2265008
technology, 18 July 2020,"Asteroid 2020 ND, 160 Metres in Diameter, to Fly Past Earth on July 24",https://gadgets.ndtv.com/science/news/asteroid-2020-nd-earth-july-24-2020-fly-past-planet-160-metres-2264993
technology, 18 July 2020,"Moto G9 Play Surfaces on Geekbench With Qualcomm SoC, 4GB RAM Tipped",https://gadgets.ndtv.com/mobiles/news/moto-g9-play-geekbench-listing-4gb-ram-android-10-tipped-2264917
technology, 18 July 2020,Redmi Note 9 India Variant May Come With a New 6GB RAM Model,https://gadgets.ndtv.com/mobiles/news/redmi-note-9-india-variant-6gb-ram-option-launch-date-july-20-report-2264895
technology, 18 July 2020,Twitter Attack Was Work of Young Hacker Pals: Report,https://gadgets.ndtv.com/social-networking/news/twitter-attack-was-work-of-young-hacker-pals-report-2264858
technology, 18 July 2020,Google Bans Ads on Coronavirus Conspiracy Theory Content,https://gadgets.ndtv.com/internet/news/google-bans-ads-on-coronavirus-conspiracy-theory-content-2264852
technology, 18 July 2020,Twitter Says Hackers Downloaded Data of 8 Accounts in Cyberattack This Week,https://gadgets.ndtv.com/social-networking/news/twitter-says-hackers-downloaded-data-of-8-accounts-in-cyberattack-this-week-2264835
technology, 17 July 2020,"Realme Teases ‘Big Announcement’ at IFA 2020, Realme X3 Pro May Debut",https://gadgets.ndtv.com/mobiles/news/realme-ifa-2020-big-announcement-teaser-x3-pro-iot-berlin-2264640
technology, 17 July 2020,PUBG Mobile Launches Running Challenge for Players to Contribute to COVID-19 Aid,https://gadgets.ndtv.com/games/news/pubg-mobile-covid-19-donation-in-game-event-direct-relief-july-28-2264634
technology, 17 July 2020,"New Android Malware Discovered That Can Steal Your Credentials, Credit Card Details",https://gadgets.ndtv.com/apps/news/blackrock-android-malware-banking-trojan-lokbot-user-credentials-credit-card-information-2264633
technology, 17 July 2020,"Russia Is Hacking Coronavirus Vaccine Trials, Say US, UK, and Canada",https://gadgets.ndtv.com/others/news/russia-hacking-coronavirus-vaccine-trials-apt29-cozy-bear-us-uk-canada-covid-19-2264630
technology, 17 July 2020,Samsung Galaxy M51 Spotted on Bluetooth SIG With Model Number SM-M515F,https://gadgets.ndtv.com/mobiles/news/samsung-m51-galaxy-bluetooth-certification-site-spotted-sm-m515f-5-0-tipped-2264625
technology, 17 July 2020,"Instagram Launches New Shop Section in the US, Powered by Facebook Pay",https://gadgets.ndtv.com/apps/news/instagram-shop-facebook-pay-us-launch-explore-menu-e-commerce-2264603
technology, 17 July 2020,Twitter Rolls Out New Messaging Interface That Allows Users to Easily Access DMs,https://gadgets.ndtv.com/social-networking/news/twitter-dm-interface-homepage-pop-up-window-web-2264602
technology, 17 July 2020,Nokia Licensee RichGo to Launch Two Essential Earphones and a Headphone,https://gadgets.ndtv.com/audio/news/nokia-richgo-three-essential-true-wireless-earphones-headphones-soon-specifications-2264598
technology, 17 July 2020,"Google Let blogspot.in Domain Expire, Now It’s Up for Sale",https://gadgets.ndtv.com/internet/news/google-blogspot-in-expire-june-on-sale-4-million-url-india-usd-5999-2264572
technology, 17 July 2020,"Asus ROG Phone 3 Alleged Renders Leaked, Design Tipped Ahead of July 22 Launch",https://gadgets.ndtv.com/mobiles/news/asus-rog-phone-3-renders-leaked-design-tipped-july-22-launch-report-2264563
technology, 17 July 2020,"Realme X2 With 8GB RAM, 256GB Storage to Go on Sale in India on July 21",https://gadgets.ndtv.com/mobiles/news/realme-x2-8gb-256gb-variant-sale-date-july-21-india-specifications-features-2264555
technology, 17 July 2020,"Samsung Galaxy M31s Reportedly Going on Sale in India Starting August 6, Leaked Render Tips Hole-Punch Display",https://gadgets.ndtv.com/mobiles/news/samsung-galaxy-m31s-india-sale-date-august-6-rumour-render-leak-hole-punch-quad-rear-cameras-2264539
technology, 17 July 2020,"OnePlus Nord Will Pack 48-Megapixel Main Camera, 12GB RAM; Other Specifications Revealed Ahead of July 21 Launch",https://gadgets.ndtv.com/mobiles/news/oneplus-nord-48-megapixel-camera-snapdragon-765g-12gb-ram-revealed-2264529
technology, 17 July 2020,Roshni Nadar Malhotra Succeeds Shiv Nadar as HCL Chairman,https://gadgets.ndtv.com/others/news/roshni-nadar-hcl-chairman-shiv-nadar-stepping-down-q1-profit-2935-crore-2264493
technology, 17 July 2020,"Xiaomi Mi Band 4C With Up to 14 Days Battery Life, 5ATM Water Resistance Launched",https://gadgets.ndtv.com/wearables/news/xiaomi-mi-band-4c-price-twd-495-launch-specifications-features-2264484
technology, 17 July 2020,"Skype for Windows, Mac, Linux Now Offers Predefined Backgrounds, Grid View for Up to 12 Participants",https://gadgets.ndtv.com/apps/news/skype-8-62-update-predefined-backgrounds-grid-view-windows-mac-android-iphone-update-2264480
technology," Bloomberg, 17 July 2020",Apple iPhone Supplier Joins Wave of Tech Investment in India,https://gadgets.ndtv.com/mobiles/news/iphone-supplier-pegatron-joins-wave-of-tech-investment-india-apple-2264472
technology, 17 July 2020,"World Emoji Day: Apple, Google Tease New Emojis Coming to Android and iOS",https://gadgets.ndtv.com/apps/news/apple-google-tease-new-emoji-coming-in-2020-android-11-ios-14-world-emoji-day-2264457
technology, 17 July 2020,Airtel Removes Zee5 Premium Subscription From All Prepaid Plans Except Rs. 289 Pack,https://gadgets.ndtv.com/telecom/news/airtel-zee5-premium-subscription-removed-rs-289-prepaid-plan-exception-2264456
technology, 17 July 2020,"Ghost of Tsushima Released for PlayStation 4, Costs Rs. 3,999 for Standard Edition",https://gadgets.ndtv.com/games/news/ghost-of-tsushima-playstation-4-pro-release-price-in-india-rs-3999-sucker-punch-productions-sony-2264436
technology, 17 July 2020,"TikTok May Break Away From Its Chinese Parent to Evade US Ban, Says White House Adviser",https://gadgets.ndtv.com/apps/news/tiktok-us-ban-chinese-company-bytedance-independent-white-house-adviser-2264421
technology, 17 July 2020,"Leica M10-R Rangefinder Camera Launched in India at Rs. 6,95,000",https://gadgets.ndtv.com/cameras/news/leica-m10-r-price-in-india-rs-695000-availability-launch-specifications-features-2264420
technology, 17 July 2020,"Lenovo Legion Pro Gaming Phone Listed on Retail Site Ahead of Launch, Design and Specifications Tipped",https://gadgets.ndtv.com/mobiles/news/lenovo-legion-pro-gaming-phone-jd-com-pre-order-render-design-specifications-revealed-2264417
technology, 17 July 2020,Zoom Fixes a Vanity URL Issue to Prevent Potential Phishing Attacks,https://gadgets.ndtv.com/internet/news/zoom-vanity-url-vulnerability-fix-phishing-attacks-check-point-fix-2264403
technology, 17 July 2020,"Microsoft Xbox One X, Xbox One S All-Digital Edition Production Stopped in Preparation of the Series X: Report",https://gadgets.ndtv.com/games/news/microsoft-xbox-one-x-s-all-digital-edition-production-stopped-series-x-report-2264384
technology, 17 July 2020,International Space Station Power Upgrades Nearly Finished After NASA Spacewalk,https://gadgets.ndtv.com/science/news/international-space-station-nasa-iss-battery-replacement-power-unit-spacewalk-finished-2264383
technology, 17 July 2020,Microsoft’s Project xCloud Game Streaming Service to Launch in September,https://gadgets.ndtv.com/games/news/microsoft-xbox-project-xcloud-game-streaming-cloud-launch-september-2264368
technology, 17 July 2020,Twitter Says Attackers Targeted 130 Accounts in Bitcoin Scam Hack: 10 Points,https://gadgets.ndtv.com/social-networking/news/twitter-hack-130-accounts-compromised-password-reset-restriction-updates-2264363
technology, 17 July 2020,Solar Probe Reveals Sun's Tiny 'Campfires' in Closest-Ever Photos,https://gadgets.ndtv.com/science/news/solar-probe-reveals-suns-tiny-campfires-in-closest-ever-photos-2264345
technology, 17 July 2020,"Nokia TA-1274 Phone Spotted on FCC, 4,380mAh Battery Tipped",https://gadgets.ndtv.com/mobiles/news/nokia-ta-1274-phone-spotted-fcc-4380mah-battery-tipped-2264344
technology, 17 July 2020,Facebook Messenger Introduces Zoom-Like Screen Sharing Feature,https://gadgets.ndtv.com/apps/news/facebook-messenger-screen-sharing-rooms-feature-roll-out-launch-android-ios-zoom-2264343
technology, 17 July 2020,TikTok Banned in India: Here’s How Creators Have Been Dealing With It,https://gadgets.ndtv.com/apps/news/tiktok-banned-in-india-life-of-tiktokers-post-ban-2264016
technology, 17 July 2020,"Honor MagicBook 14, MagicBook 15, MagicBook Pro With Latest AMD Ryzen 4000 CPUs Launched",https://gadgets.ndtv.com/laptops/news/honor-magicbook-14-15-pro-price-cny-3999-launch-specifications-2264332
technology, 17 July 2020,Tesla Tries to Assure Workers There's No Big Virus Outbreak,https://gadgets.ndtv.com/transportation/news/tesla-tries-to-assure-workers-theres-no-big-virus-outbreak-2264329
technology, 17 July 2020,"Honor ViewPad 6, ViewPad X6 With 5-Megapixel Camera, 5,100mAh Battery Launched",https://gadgets.ndtv.com/tablets/news/honor-viewpad-6-x6-price-cny-1299-1099-launch-specifications-features-2264328
technology, 17 July 2020,"Poco Phone With Model Number M2006C3MI Spotted on Certification Sites, Tipped to Be Rebadged Redmi 9C",https://gadgets.ndtv.com/mobiles/news/poco-phone-bis-tuv-rheinland-site-spotted-rebadged-redmi-9c-india-variant-2264312
technology, 17 July 2020,"Moto E7 Listed on Canadian Carrier Website, Priced at CAD 189",https://gadgets.ndtv.com/mobiles/news/moto-e7-motorola-listing-freedom-mobile-canadian-carrier-specifications-price-cad-189-2264303
technology, 17 July 2020,"Extraction, Money Heist, The Wrong Missy Drove Netflix’s Lockdown-Hit Quarter",https://gadgets.ndtv.com/entertainment/news/netflix-q2-2020-viewership-numbers-extraction-money-heist-wrong-missy-99-65-59-million-2264293
technology, 17 July 2020,Twitter Stepped Up Search to Fill Top Security Job Ahead of Hack,https://gadgets.ndtv.com/social-networking/news/twitter-stepped-up-search-to-fill-top-security-job-ahead-of-hack-2264285
technology, 17 July 2020,eBay Said to Near $10 Billion Sale of Classified Ads Unit,https://gadgets.ndtv.com/internet/news/ebay-said-to-near-10-billion-sale-of-classified-ads-unit-2264275
technology, 17 July 2020,"Netflix Adds More Than 10 Million New Subscribers, Names Ted Sarandos Co-CEO",https://gadgets.ndtv.com/entertainment/news/netflix-10-million-new-subscribers-q3-results-ted-sarandos-co-ceo-2264266
technology, 17 July 2020,"Realme Narzo 10A to Go on Sale in India Today at 12 Noon via Flipkart, Realme.com: Price, Specifications",https://gadgets.ndtv.com/mobiles/news/realme-narzo-10a-sale-today-price-in-india-rs-8999-12-noon-specifications-flipkart-2263953
technology, 16 July 2020,IBM Collaborates With CBSE to Integrate AI Curriculum in 200 Schools,https://gadgets.ndtv.com/internet/news/ibm-cbse-curriculum-collaboration-200-schools-13-states-class-grade-11-12-2020-2021-academic-year-artificial-intelligence-2264069
technology, 16 July 2020,Giant Hawaii Telescope Builders Say No Construction This Year Due to Coronavirus Pandemic,https://gadgets.ndtv.com/science/news/thirty-meter-telescope-tmt-hawaii-us-no-construction-halt-2020-coronavirus-pandemic-2264063
technology, 16 July 2020,"Samsung Galaxy S20 Fan Edition Aka Galaxy S20 Lite Rumoured to Feature 120Hz Display, IP68-Certified Build",https://gadgets.ndtv.com/mobiles/news/samsung-galaxy-s20-fan-edition-lite-120hz-display-q4-launch-2264010
technology, 16 July 2020,The Michelle Obama Podcast Hits Spotify on July 29. Here’s a Teaser,https://gadgets.ndtv.com/entertainment/news/michelle-obama-spotify-podcast-release-date-july-29-teaser-guests-intro-2264004
technology, 16 July 2020,Amazon India Demands Product Listings Have Country of Origin by August 10,https://gadgets.ndtv.com/internet/news/amazon-india-demands-product-listings-have-country-of-origin-by-august-10-2263977
technology, 16 July 2020,"Poco M2 Pro Next Sale Set for July 30: Price in India, Specifications",https://gadgets.ndtv.com/mobiles/news/poco-m2-pro-next-sale-date-july-30-price-in-india-rs-13999-specifications-2263976
technology, 16 July 2020,EU-US Data Pact Scrapped by Top Court Following Facebook Complaint by Activist Max Schrems,https://gadgets.ndtv.com/internet/news/european-union-court-cancels-us-data-sharing-pact-invalid-facebook-snooping-max-schrems-2263959
technology, 16 July 2020,"OnePlus Buds to Support Warp Charge, 10-Minute Charge Will Provide 10 Hours of Battery Life: Report",https://gadgets.ndtv.com/audio/news/oneplus-buds-warp-charge-support-10-hours-battery-10-minutes-report-2263946
technology, 16 July 2020,"Philips 4K Smart TVs With Dolby Vision, HDR10+ Launched in India, Available in 50-Inch, 58-Inch Sizes",https://gadgets.ndtv.com/tv/news/philips-4k-smart-tv-50-58-inch-price-in-india-rs-105990-119990-50put6604-58put6604-specifications-features-2263942
technology, 16 July 2020,"Reliance to Take on Amazon, Walmart, More US Giants Following $20 Billion Fund Raising Spree",https://gadgets.ndtv.com/internet/news/reliance-amazon-walmart-zoom-jio-5g-fund-raising-usd-20-billion-india-mukesh-ambani-2263940
technology, 16 July 2020,"Intel to Share 'Something Big' on September 2, 'Tiger Lake' Processors Expected",https://gadgets.ndtv.com/laptops/news/intel-september-2-event-tiger-lake-11-generation-processor-cpu-expected-2263924
technology, 16 July 2020,"Alibaba's UCWeb Lays Off India Staff, Club Factory Halts Payments Following Chinese App Ban",https://gadgets.ndtv.com/apps/news/alibaba-ucweb-lays-off-india-employees-firings-club-factory-payment-halt-china-app-ban-2263920
technology, 16 July 2020,"Infinix Smart 4 Plus to Launch in India on July 21 at 12 Noon, Flipkart Banner Reveals",https://gadgets.ndtv.com/mobiles/news/infinix-smart-4-plus-india-launch-july-21-flipkart-price-specifications-2263888
technology, 16 July 2020,"Realme 6 New Variant With 6GB RAM + 64GB Storage Launched in India: Price, Specifications",https://gadgets.ndtv.com/mobiles/news/realme-6-6gb-ram-64gb-storage-price-in-india-15999-launch-specifications-availability-flipkart-2263885
technology, 16 July 2020,"Nubia Announces Red Magic 5S Development, Snapdragon 865+ SoC Teased",https://gadgets.ndtv.com/mobiles/news/nubia-red-magic-5s-announced-qualcomm-snapdragon-865-plus-soc-teased-weibo-2263848
technology, 16 July 2020,"iOS 13.6, iPadOS 13.6 Released With Auto Updates Over Wi-Fi Setting: How to Download",https://gadgets.ndtv.com/mobiles/news/ios-13-6-ipados-update-download-new-features-changes-apple-2263834
technology, 16 July 2020,"Mi Curved Gaming Monitor 34-Inch With WQHD Screen, 144Hz Refresh Rate Launched",https://gadgets.ndtv.com/laptops/news/mi-curved-gaming-monitor-34-inch-price-eur-399-launch-specifications-2263800
technology, 16 July 2020,"Vivo TWS Neo Earbuds With 14.2mm Drivers, 5.5 Hours Battery Life Launched in India",https://gadgets.ndtv.com/audio/news/vivo-tws-neo-price-in-india-rs-5990-launch-specifications-features-2263711
technology, 16 July 2020,Netflix Testing TV Interface With New Card Design,https://gadgets.ndtv.com/entertainment/news/netflix-tv-app-interface-new-card-redesign-more-titles-2263786
technology, 16 July 2020,YouTube Brings Back HD Streaming on Mobile App in India When Connected to Wi-Fi,https://gadgets.ndtv.com/apps/news/youtube-mobile-app-hd-streaming-india-wifi-mobile-data-coronavirus-lockdown-2263785
technology, 16 July 2020,TSMC Reports Record Q2 Profits on Demand for Faster Chips,https://gadgets.ndtv.com/laptops/news/tsmc-reports-record-q2-profits-on-demand-for-faster-chips-2263781
technology, 16 July 2020,"Samsung Galaxy M01s With Helio P22 SoC, Dual Rear Cameras Launched in India: Price, Specifications",https://gadgets.ndtv.com/mobiles/news/samsung-galaxy-m01s-price-in-india-rs-9999-launch-specifications-features-2263778
technology, 16 July 2020,"Vivo X50, Vivo X50 Pro With Hole-Punch Display, Quad Rear Cameras Launched in India: Price, Specifications",https://gadgets.ndtv.com/mobiles/news/vivo-x50-pro-price-in-india-rs-34990-launch-specifications-features-sale-date-july-24-2263724
technology, 16 July 2020,"Realme’s 125W UltraDART Tech Can Fully Charge a 4,000mAh Battery in 20 Minutes",https://gadgets.ndtv.com/mobiles/news/realme-125w-ultradart-flash-charging-solution-technology-launched-2263746
technology, 16 July 2020,"iQoo U1 With Triple Rear Camera Setup, Snapdragon 720G SoC Launched: Price, Specifications",https://gadgets.ndtv.com/mobiles/news/iqoo-u1-price-cny-1198-launch-specifications-sale-date-july-23-2263701
technology, 16 July 2020,"Twitter Hack: Apple, Bill Gates, Barack Obama, Elon Musk, Other High-Profile Accounts Hacked in Bitcoin Scam",https://gadgets.ndtv.com/social-networking/news/twitter-internal-systems-hacked-cryptocurrency-bitcoin-hack-musk-biden-obama-2263649
technology, 16 July 2020,Samsung to Bring Optical Image Stabilisation on New Galaxy A-Series Phones Next Year: Report,https://gadgets.ndtv.com/mobiles/news/samsung-galaxy-a72-a81-a91-optical-image-stabilisation-launch-2021-report-2263675
technology, 16 July 2020,"Netflix India Unveils 17 Titles for the ‘Coming Months’, With 8 New Movies and Series",https://gadgets.ndtv.com/entertainment/news/netflix-india-suitable-boy-ludo-torbaaz-raat-akeli-hai-dolly-kitty-ginny-weds-sunny-bombay-rose-mismatched-2263674
technology, 16 July 2020,"Google Ties More Work Tools Into Gmail, Aiming to Get Ahead of Microsoft",https://gadgets.ndtv.com/internet/news/google-ties-more-work-tools-into-gmail-aiming-to-get-ahead-of-microsoft-2263673
technology, 16 July 2020,"Samsung Galaxy M31s Tipped to Launch in India Later This Month, May Go on Sale in August via Amazon",https://gadgets.ndtv.com/mobiles/news/samsung-m31s-india-launch-july-sale-august-price-rs-20000-report-galaxy-2263672
technology, 16 July 2020,Zoom Unveils Touchscreen for Home Conferencing,https://gadgets.ndtv.com/apps/news/zoom-for-home-conferencing-touchscreen-displays-launched-2263668
technology, 16 July 2020,"Moto E7 Live Images Surface Online, Hands-on Video Leaked Showing Design",https://gadgets.ndtv.com/mobiles/news/moto-e7-hands-on-video-live-images-leak-specifications-2263666
technology, 16 July 2020,"Apple Expands News Offerings With Audio, Local Newspaper Stories",https://gadgets.ndtv.com/apps/news/apple-news-plus-expansion-audio-stories-local-newspapers-podcasts-2263657
technology, 16 July 2020,"Vivo X50, Vivo X50 Pro Launching in India Today at 12 Noon: How to Watch Live Stream, Expected Price",https://gadgets.ndtv.com/mobiles/news/vivo-x50-pro-launch-today-price-in-india-12-noon-livestream-youtube-2263325
technology, 15 July 2020,"Mi TV Stick With Full-HD Video Streaming Support, Android TV Launched by Xiaomi",https://gadgets.ndtv.com/tv/news/xiaomi-mi-tv-stick-price-eur-39-99-launch-specifications-features-2263400
technology, 15 July 2020,"Mi True Wireless Earphones 2 Basic With Noise Cancellation, 5 Hours Battery Life Launched",https://gadgets.ndtv.com/audio/news/mi-true-wireless-earphones-2-basic-price-eur-39-99-specifications-launch-xiaomi-2263392
technology, 15 July 2020,"HRD Ministry Announces Guidelines for Online Classes, Recommend Caps on Screen Time for Students",https://gadgets.ndtv.com/internet/news/hrd-ministry-guidelines-online-classes-pragyata-limit-on-screen-time-students-schools-india-2263384
technology, 15 July 2020,"Asus ZenFone 7 Specifications Purportedly Leaked by Certification Sites, Tipped to Include 512GB Storage",https://gadgets.ndtv.com/mobiles/news/asus-zenfone-7-specifications-zs670ks-ncc-tuv-rheinland-certification-rumour-2263348
technology, 15 July 2020,"Xiaomi Mi Notebook 14, Mi Notebook 14 Horizon Edition Now on Open Sale in India",https://gadgets.ndtv.com/laptops/news/mi-notebook-14-horizon-edition-open-sale-india-price-rs-41999-amazon-specifications-2263342
technology, 15 July 2020,UAE Mars Probe Launch Delayed Further Over Bad Weather at Japan Launch Site,https://gadgets.ndtv.com/science/news/uae-mars-probe-hope-launch-delay-bad-weather-japan-site-new-date-to-be-announced-2263332
technology, 15 July 2020,Mi A3 Starts Receiving a New Software Update That Fixes Dual-SIM Issue,https://gadgets.ndtv.com/mobiles/news/mi-a3-miui-11-v11-0-17-0-qfqmixm-update-dual-sim-issue-fix-india-xiaomi-2263313
technology, 15 July 2020,"PES 2021 to Be a ‘Season Update’, PES 2022 in the Works With Unreal Engine",https://gadgets.ndtv.com/games/news/pes-2021-season-update-price-25th-anniversary-pes-2022-unreal-engine-ps5-xbox-series-x-2263309
technology, 15 July 2020,Astronomers Observe Most Distant Explosion in Universe That Took Place 10 Billion Years Ago,https://gadgets.ndtv.com/science/news/astronomers-observe-sgrb-sgrb181123b-explosion-10-billion-light-years-study-2263299
technology, 15 July 2020,"JioMart to Expand in Electronics, Fashion, Healthcare, and Pharmaceutical Retail: Mukesh Ambani",https://gadgets.ndtv.com/apps/news/reliance-jiomart-expand-product-electronics-fashion-healthcare-pharmaceutical-annual-general-meet-mukesh-ambani-announcement-whatsapp-india-2263298
technology, 15 July 2020,"Jio Glass Mixed Reality Headset With Wireless Audio, 3D Holographic Video Calling Announced",https://gadgets.ndtv.com/wearables/news/jio-glass-mixed-reality-headset-announced-25-apps-compatibility-wireless-audio-more-2263279
technology, 15 July 2020,Xiaomi 5G Phone With Model Number M2007J1SC May Feature 120W Fast Charging Support,https://gadgets.ndtv.com/mobiles/news/xiaomi-5g-phone-m2007j1sc-120w-fast-charging-3c-website-oppo-realme-iqoo-2263267
technology, 15 July 2020,"Jio Partners With Google to Develop Android-based Operating System for Affordable 4G, 5G Smartphones",https://gadgets.ndtv.com/mobiles/news/jio-google-partnership-android-based-operating-system-4g-5g-phones-2263270
technology, 15 July 2020,"Samsung Galaxy Tab A7 Possibly Spotted on Geekbench, Snapdragon 662 SoC Tipped",https://gadgets.ndtv.com/tablets/news/samsung-galaxy-tab-a7-geekbench-spotted-3gb-ram-snapdragon-662-soc-tipped-2263236
technology, 15 July 2020,"Jio Gets Rs. 33,737 Crores Investment From Google for 7.7 Percent Stake",https://gadgets.ndtv.com/telecom/news/google-to-invest-rs-33737-crores-for-7-7-percent-stake-in-jio-platforms-mukesh-ambani-2263191
technology, 15 July 2020,"Jio TV+ Curation Platform Announced: Brings Single Sign-In for 12 OTT Apps, Aggregated Voice Search, Interactive Live TV, More",https://gadgets.ndtv.com/entertainment/news/jio-tv-plus-announced-12-ott-apps-single-sign-in-contextual-voice-search-more-2263231
technology, 15 July 2020,"Jio 5G Solution Announced, Testing to Start in India as Soon as Spectrum Is Available",https://gadgets.ndtv.com/telecom/news/jio-5g-solution-reliance-industries-announced-reliance-agm-2020-livestream-2263226
technology, 15 July 2020,Apple EU Tax: EU Court Backs Apple in Case Over $15 Billion in Back Taxes,https://gadgets.ndtv.com/others/news/apple-eu-tax-order-usd-15-billion-back-taxes-ruling-in-favour-2263207
technology, 15 July 2020,JioMeet Video Conferencing App Sees 5 Million Downloads Within Days of Launch: Ambani,https://gadgets.ndtv.com/apps/news/jiomeet-video-conferencing-app-sees-5-million-downloads-within-days-of-launch-ambani-2263186
technology, 15 July 2020,"Samsung Sound Tower, Soundbar Speakers Launched in India: Here's All You Need to Know",https://gadgets.ndtv.com/audio/news/samsung-sound-tower-t-series-q-series-soundbars-mx-t70-mx-t50-hw-q950t-hw-q900t-price-in-india-42990-29990-specifications-sale-july-16-offers-2263181
technology, 15 July 2020,"Oppo 125W Flash Charge Fast Charging Tech Unveiled, Can Charge a 4,000mAh Battery in 20 Minutes",https://gadgets.ndtv.com/mobiles/news/oppo-125w-flash-charge-fast-charging-65w-airvooc-50w-mini-supervooc-110w-technology-2263163
technology, 15 July 2020,Samsung Galaxy J8 Starts Receiving Android 10-based One UI 2 Update with July 2020 Security Patch,https://gadgets.ndtv.com/mobiles/news/samsung-galaxy-j8-android-10-one-ui-2-july-2020-security-patch-2263129
technology, 15 July 2020,"OnePlus 8, OnePlus 8 Pro Receive Android 11 Beta 2 Update",https://gadgets.ndtv.com/mobiles/news/oneplus-8-pro-android-11-beta-2-developer-preview-released-download-2263124
technology, 15 July 2020,Microsoft Fixes a Critical Windows DNS Server Vulnerability That Could Let Attackers Steal Corporate Details,https://gadgets.ndtv.com/laptops/news/windows-dns-server-vulnerability-microsoft-fix-sigred-cve-2020-1350-2263101
technology, 15 July 2020,Moon May Be 85 Million Years Younger Than Previously Believed,https://gadgets.ndtv.com/science/news/moon-age-85-million-years-younger-new-study-reveals-german-aerospace-center-2263088
technology, 15 July 2020,"OnePlus Buds to Offer 7-Hour Battery Life, Design Revealed",https://gadgets.ndtv.com/audio/news/oneplus-buds-battery-life-low-latency-gaming-design-weight-pete-lau-2263058
technology, 15 July 2020,"Xiaomi Phone With 100W Super Charge Turbo Reportedly Enters Mass Production, August Launch Tipped",https://gadgets.ndtv.com/mobiles/news/xiaomi-phone-100w-super-charge-turbo-support-mass-production-august-launch-redmi-report-2263057
technology, 15 July 2020,Huawei UK Ban: US Pressure Mounts on Europe to Follow Suit,https://gadgets.ndtv.com/telecom/news/huawei-uk-ban-us-pressure-mounts-on-europe-to-follow-suit-2263050
technology, 15 July 2020,Apple EU Tax Case: Judgement Day Today,https://gadgets.ndtv.com/others/news/apple-eu-tax-case-judgement-day-today-2263043
technology, 15 July 2020,Google Giving Preference to YouTube Over Competition in Search Results: Report,https://gadgets.ndtv.com/internet/news/google-search-youtube-biased-results-over-competition-facebook-dailymotion-2263036
technology, 15 July 2020,"China App Store Sees Over 2,500 Games Removed After Loophole Shuts: Sensor Tower",https://gadgets.ndtv.com/games/news/china-app-store-sees-over-2500-games-removed-after-loophole-shuts-sensor-tower-2263033
technology, 15 July 2020,"Sony SRS-XB43, SRS-XB33, SRS-XB23 Extra Bass Wireless Speakers Launched in India, to Go on Sale From July 16",https://gadgets.ndtv.com/audio/news/sony-srs-xb43-srs-xb33-srs-xb23-price-in-india-8990-12990-16990-wireless-bluetooth-speakers-launch-date-price-specifications-availability-2263032
technology, 15 July 2020,Google Faces Lawsuit Over Tracking in Apps Even When Users Opted Out,https://gadgets.ndtv.com/apps/news/google-faces-lawsuit-over-tracking-in-apps-even-when-users-opted-out-2263017
technology, 15 July 2020,Realme Fast Charger Solution Faster Than 65W SuperDart to Launch on July 16,https://gadgets.ndtv.com/mobiles/news/realme-fast-charging-technology-launch-july-16-120w-121w-ultra-dart-2262997
technology, 15 July 2020,Lucifer Season 5 Trailer Introduces an Unexpected Twin,https://gadgets.ndtv.com/entertainment/news/lucifer-season-5-trailer-watch-cast-episodes-release-date-netflix-india-2262994
technology, 15 July 2020,OnePlus Nord Design and Colour Options Revealed Ahead of Official Launch,https://gadgets.ndtv.com/mobiles/news/oneplus-nord-design-colour-options-grey-teal-ip-rating-interview-carl-pei-mkbhd-podcast-2262991
technology, 15 July 2020,Google Hit With Belgian Privacy Fine for Not Complying With 'Right to Be Forgotten',https://gadgets.ndtv.com/internet/news/google-hit-with-belgian-privacy-fine-for-not-complying-with-right-to-be-forgotten-2262989
technology, 15 July 2020,Spotify Expands to Russia and 12 Other Countries,https://gadgets.ndtv.com/entertainment/news/spotify-expands-to-russia-and-12-other-countries-2262979
technology, 15 July 2020,Huawei to Be Purged From UK 5G Networks by End of 2027: PM Boris Johnson,https://gadgets.ndtv.com/telecom/news/huawei-to-be-purged-from-uk-5g-networks-by-end-of-2027-pm-boris-johnson-2262974
technology, 15 July 2020,"Government Said to Quiz Owners of Banned Chinese Apps Over Content, Practices",https://gadgets.ndtv.com/apps/news/government-said-to-quiz-owners-of-banned-chinese-apps-over-content-practices-2262965
technology, 15 July 2020,OnePlus Nord Pre-Orders Open Today at 1:30pm Via Amazon in India,https://gadgets.ndtv.com/mobiles/news/oneplus-nord-pre-orders-today-rs-499-amazon-1-30-pm-launch-july-21-2262656
technology, 15 July 2020,"Redmi Note 9 Pro Max to Go on Sale Today at 12 Noon via Amazon, Xiaomi India Site: Price, Specifications",https://gadgets.ndtv.com/mobiles/news/redmi-note-9-pro-max-sale-today-price-in-india-16999-specifications-xiaomi-amazon-2262648
technology, 14 July 2020,"AMD Ryzen Threadripper Pro Workstation CPUs Announced WIth Up to 64 Cores, 128 PCIe 4.0 Lanes",https://gadgets.ndtv.com/laptops/news/amd-ryzen-threadripper-pro-3995wx-3975wx-3955wx-3945wx-launch-lenovo-thinkstation-p620-2262783
technology, 14 July 2020,"Airtel and Vodafone Idea Collectively Lost Over 75 Lakh Subscribers in March, Jio Adds 46 Lakh New Ones: TRAI",https://gadgets.ndtv.com/telecom/news/airtel-loses-12-lakh-subscribers-reliance-jio-gains-46-lakh-trai-report-2262728
technology, 14 July 2020,Huawei UK 5G Ban: How the Chinese Brand Is Faring Around the World,https://gadgets.ndtv.com/telecom/news/huawei-uk-5g-ban-boris-johnson-telecom-network-involvement-around-the-world-2262713
technology, 14 July 2020,"Spotify Rolls Out New Podcast Charts in India, 25 More Markets",https://gadgets.ndtv.com/entertainment/news/spotify-podcast-charts-top-trending-categories-india-26-markets-apple-google-2262665
technology, 14 July 2020,"Flipkart Raises $1.2 Billion in Fresh Funding From Walmart, Existing Investors",https://gadgets.ndtv.com/internet/news/flipkart-walmart-funding-1-2-billion-usd-investment-latest-round-2262704
technology, 14 July 2020,Huawei Expected to Be Banned From UK 5G Network by 2027,https://gadgets.ndtv.com/telecom/news/huawei-uk-5g-ban-announcement-pm-boris-johnson-2262642
technology, 14 July 2020,Google Meet Now Blocking Anonymous Users From Joining Education Meetings by Default,https://gadgets.ndtv.com/internet/news/google-meet-anonymous-users-blocking-default-education-subscribers-rollout-2262674
technology, 14 July 2020,"OnePlus Nord Battery Capacity Revealed, Special-Edition Teardown Case Set to Debut on Launch Day",https://gadgets.ndtv.com/mobiles/news/oneplus-nord-battery-4115mah-capacity-teased-jerryrigeverything-teardown-case-2262661
technology, 14 July 2020,"Oppo Reno 4 Global Variant Spotted on NCC, Image Leak Reveals Key Design Details",https://gadgets.ndtv.com/mobiles/news/oppo-reno-4-ncc-listing-image-leak-design-triple-rear-cameras-hole-punch-display-2262616
technology, 14 July 2020,"Airtel BlueJeans Debuts as Airtel’s Answer to JioMeet and Zoom, Offers Enterprise-Grade Security",https://gadgets.ndtv.com/internet/news/airtel-bluejeans-jiomeet-zoom-competitor-video-conferencing-solution-2262351
technology, 14 July 2020,"Oppo A72 5G With Triple Rear Cameras, 8GB RAM Spotted on China Telecom Site, Price and Renders Leaked",https://gadgets.ndtv.com/mobiles/news/oppo-a72-5g-launch-31-july-price-specifications-features-leaked-report-2262615
technology, 14 July 2020,"PUBG to Get Revamped Sanhok Map by July 22 With Loot Truck, Decoy Grenades, and More",https://gadgets.ndtv.com/games/news/pubg-pc-update-8-1-sanhok-revamp-loot-truck-decoy-grenades-july-22-2262610
technology, 14 July 2020,"PUBG Mobile Unveils New Rewards, Subscription Plans With Royale Pass Season 14: Spark the Flame",https://gadgets.ndtv.com/games/news/pubg-mobile-royale-pass-season-14-spark-the-flame-update-patch-new-rewards-subscription-plans-android-users-2262579
technology, 14 July 2020,"Zakir Khan, Amazon Ink Multi-Show Deal for Chacha Vidhayak Hain Humare Season 2, 3 Stand-Up Comedy Specials",https://gadgets.ndtv.com/entertainment/news/zakir-khan-chacha-vidhayak-hain-humare-season-2-stand-up-specials-3-amazon-prime-video-2262553
technology, 14 July 2020,Google Pixel 4a Render Briefly Listed on Official Company Store: Report,https://gadgets.ndtv.com/mobiles/news/google-pixel-4a-render-leak-canada-store-launch-imminent-2262551
technology, 14 July 2020,Amazfit Bip S Lite Smartwatch With 40-Day Battery Life Launching in India on July 29,https://gadgets.ndtv.com/wearables/news/huami-amazfit-bip-s-lite-india-launch-date-july-29-flipkart-2262537
technology, 14 July 2020,Google in Talks to Invest $4 Billion in Reliance Jio Platforms: Report,https://gadgets.ndtv.com/telecom/news/googe-jio-platforms-investment-usd-4-billion-report-2262534
technology, 14 July 2020,Moto G9 Plus Priced Tipped by Spanish Online Retail Site Listing,https://gadgets.ndtv.com/mobiles/news/moto-g9-plus-price-eur-227-retail-listing-spanish-website-motorola-2262526
technology, 14 July 2020,Realme 30W Dart Charge 10000mAh Power Bank With Support for Multiple Fast Charging Solutions Launched,https://gadgets.ndtv.com/mobiles/news/realme-30w-dart-charge-10000mah-power-bank-price-in-india-rs-1999-launch-specifications-features-2262518
technology, 14 July 2020,"Amazon Dash Cart Unveiled, a Smart Shopping Cart That Knows What You're Buying",https://gadgets.ndtv.com/internet/news/amazon-dash-cart-smart-shopping-launch-2262505
technology, 14 July 2020,Nokia Launches Software Upgrade for Telcos to Move From 4G to 5G,https://gadgets.ndtv.com/telecom/news/nokia-5g-software-upgrade-immediately-available-1-million-base-stations-2262494
technology, 14 July 2020,"Mi Portable Electric Air Compressor Launched by Xiaomi in India, Now Up for Crowdfunding",https://gadgets.ndtv.com/smart-home/news/xiaomi-mi-portable-electric-air-compressor-price-in-india-rs-2299-3499-launch-specifications-features-2262487
technology, 14 July 2020,UAE Postpones Mars Mission Due to Weather at Japan Launch Site,https://gadgets.ndtv.com/science/news/uae-postpones-mars-mission-due-to-weather-at-japan-launch-site-2262482
technology, 14 July 2020,"Samsung Galaxy S20 Lite Alleged Geekbench Listing Tips Snapdragon 865 SoC, 6GB RAM",https://gadgets.ndtv.com/mobiles/news/samsung-galaxy-s20-lite-fan-edition-sm-g781b-geekbench-snapdragon-865-soc-6gb-ram-2262473
technology, 14 July 2020,"Oppo A12s With MediaTek Helio P35 SoC, 4,230mAh Battery Launched: Price, Specifications",https://gadgets.ndtv.com/mobiles/news/oppo-a12s-price-usd-129-launch-specifications-features-2262461
technology, 14 July 2020,"Samsung Galaxy Z Fold 2 Specifications Tipped, May Not Launch at Galaxy Unpacked Galaxy 2020 on August 5: Report",https://gadgets.ndtv.com/mobiles/news/samsung-galaxy-z-fold-2-specifications-tipped-revealed-triple-rear-camera-7-7-inch-super-amoled-galaxy-unpacked-2020-august-5-2262416
technology, 14 July 2020,OnePlus Nord Launching Next Week: Everything We Know So Far,https://gadgets.ndtv.com/mobiles/news/oneplus-nord-price-specifications-features-everything-roundup-2262436
technology, 14 July 2020,"Realme C11 With MediaTek Helio G35 SoC, 5,000mAh Battery Launched in India: Price, Specifications",https://gadgets.ndtv.com/mobiles/news/realme-c11-price-in-india-rs-7499-launch-specifications-features-2262435
technology, 14 July 2020,"MGM Resorts Data Breach Might Be Bigger Than Expected, Details of 142 Million Guests Reportedly on Dark Web",https://gadgets.ndtv.com/internet/news/mgm-resorts-guests-142-million-data-breach-sold-on-dark-web-report-2262421
technology, 14 July 2020,"Lenovo Legion Teased to Offer 144Hz Refresh Rate, Legion OS Video Leak Tips Key Specifications",https://gadgets.ndtv.com/mobiles/news/lenovo-legion-144hz-refresh-rate-teased-video-leak-legion-os-specifications-2262395
technology, 14 July 2020,SoftBank Group Explores Options for Chip Designer ARM Holdings: Report,https://gadgets.ndtv.com/mobiles/news/softbank-group-explores-options-for-chip-designer-arm-holdings-2262371
technology, 14 July 2020,"LG Aristo 5 With Octa-Core Processor, Dual-Rear Cameras Launched: Price, Specifications",https://gadgets.ndtv.com/mobiles/news/lg-aristo-5-price-usd-150-launch-specifications-2262362
technology, 14 July 2020,UAE to Make History With Launch of Mars Probe,https://gadgets.ndtv.com/science/news/uae-to-make-history-with-launch-of-mars-probe-2262348
technology, 14 July 2020,Apple Repair Technician Explains Why It Is Dangerous to Put Cover Over MacBook's Web Camera: Report,https://gadgets.ndtv.com/laptops/news/apple-macbook-camera-covers-dangerous-repair-technician-explains-report-2262344
technology, 14 July 2020,"Realme Teases Phone With 6,000mAh Battery, May Be Rumoured 5G Offering",https://gadgets.ndtv.com/mobiles/news/realme-6000mah-battery-phone-teaser-5g-reports-launch-2262339
technology, 14 July 2020,Realme 121W Fast Charging Technology Teased to Launch Soon,https://gadgets.ndtv.com/mobiles/news/realme-121w-fast-charging-technology-teased-madhav-sheth-launch-2262340
technology, 14 July 2020,Google Offers Data Pledge in Bid to Win EU Approval for Fitbit Acquisition,https://gadgets.ndtv.com/apps/news/google-offers-data-pledge-in-bid-to-win-eu-approval-for-fitbit-acquisition-2262338
technology, 14 July 2020,Mi A3 Global Variant Getting Wrong Firmware Update That Disables Second SIM Card,https://gadgets.ndtv.com/mobiles/news/mi-a3-wrong-mexican-firmware-update-global-variant-second-sim-card-disabled-2262330
technology, 14 July 2020,Huawei Reports Sales Recover From Coronavirus Slump,https://gadgets.ndtv.com/telecom/news/huawei-reports-sales-recover-from-coronavirus-slump-2262328
technology, 14 July 2020,"Star Wars: The Bad Batch Is a Clone Wars Spin-Off, Out in 2021 on Disney+ Hotstar",https://gadgets.ndtv.com/entertainment/news/star-wars-the-bad-batch-announced-clone-wars-spin-off-series-2021-animated-disney-plus-hotstar-2262327
technology, 14 July 2020,"Analog Devices Buys Maxim, Creating $68 Billion Chipmaker",https://gadgets.ndtv.com/laptops/news/analog-devices-buys-maxim-creating-68-billion-chipmaker-2262313
technology, 14 July 2020,NASA's Perseverance Rover Will Scour Mars for Signs of Life,https://gadgets.ndtv.com/science/news/nasas-perseverance-rover-will-scour-mars-for-signs-of-life-2262297
technology, 14 July 2020,"Redmi Note 9 Pro Next Sale on July 21 at 12 Noon via Amazon, Xiaomi India Site: Price, Specifications",https://gadgets.ndtv.com/mobiles/news/redmi-note-9-pro-sale-today-12-noon-price-in-india-rs-13999-amazon-xiaomi-specifications-2262073
technology, 14 July 2020,"Poco M2 Pro to Go on Sale for First Time Today at 12 Noon via Flipkart: Price in India, Specifications",https://gadgets.ndtv.com/mobiles/news/poco-m2-pro-sale-today-price-in-india-rs-13999-specifications-offers-2261990
technology, 14 July 2020,"Realme C11 Launching in India Today: How to Watch Live Stream, Expected Price, Specifications",https://gadgets.ndtv.com/mobiles/news/realme-c11-india-launch-today-live-stream-expected-price-specifications-2262061
technology, 13 July 2020,OnePlus Nord Confirmed to Pack Second Wide-Angle Selfie Camera with 105-Degree Field of View,https://gadgets.ndtv.com/mobiles/news/oneplus-nord-dual-selfie-cameras-confirmed-instagram-105-degree-price-india-2262078
technology, 13 July 2020,OnePlus Buds True Wireless Earphones to Launch on July 21,https://gadgets.ndtv.com/audio/news/oneplus-buds-true-wireless-earphones-launch-july-21-nord-2262077
technology, 13 July 2020,"Fake TikTok Malware Being Spread Through WhatsApp, Maharashtra Cyber Cell Warns",https://gadgets.ndtv.com/apps/news/tiktok-pro-malware-app-scam-whatsapp-advisory-maharashtra-cyber-cell-2262042
technology, 13 July 2020,"iPhone 12 to be Costlier than iPhone 11 Despite Not Having EarPods or Charger, Analyst Claims",https://gadgets.ndtv.com/mobiles/news/iphone-12-price-usd-50-costlier-no-earpods-charger-retail-box-analysis-jeff-pu-price-prediction-2262035
technology, 13 July 2020,Snapchat Brings 'Here for You' Feature to Address Mental Health Issues Faced by Users in India,https://gadgets.ndtv.com/apps/news/snapchat-rolls-out-here-for-you-to-promote-mental-health-india-2262003
technology, 13 July 2020,Google Partners With CBSE to Train 1 Million Teachers to Deliver 'Blended Learning',https://gadgets.ndtv.com/internet/news/google-cbse-partnership-1-million-teachers-blended-learning-usd-1-million-grant-livestream-2261981
technology, 13 July 2020,"Top Trump Aide Warns of 'Strong Actions' on TikTok, Angering China",https://gadgets.ndtv.com/apps/news/top-trump-aide-warns-of-strong-actions-on-tiktok-angering-china-2261977
technology, 13 July 2020,"Vivo TWS Neo True Wireless Earbuds to Launch in India Soon, Company Teases",https://gadgets.ndtv.com/audio/news/vivo-tws-neo-true-wireless-earphones-india-launch-announcement-twitter-x50-pro-2261962
technology, 13 July 2020,"Tecno Spark 5 Pro With MediaTek Helio A25 SoC, Quad Rear Cameras Launched in India: Price, Specifications",https://gadgets.ndtv.com/mobiles/news/tecno-spark-5-pro-price-in-india-rs-10499-launch-features-specifications-2261956
